<?xml version="1.0" encoding="UTF-8"?>
<project-private xmlns="http://www.netbeans.org/ns/project-private/1">
    <editor-bookmarks xmlns="http://www.netbeans.org/ns/editor-bookmarks/2" lastBookmarkId="0"/>
    <open-files xmlns="http://www.netbeans.org/ns/projectui-open-files/2">
        <group>
            <file>file:/D:/Hotel/Hotel/src/login.java</file>
            <file>file:/D:/Hotel/Hotel/src/register.java</file>
            <file>file:/D:/Hotel/Hotel/src/DBConnection.java</file>
            <file>file:/D:/Hotel/Hotel/src/ManageRooms.java</file>
            <file>file:/D:/Hotel/Hotel/src/admin.java</file>
            <file>file:/D:/Hotel/Hotel/src/RoomDetailsDialog.java</file>
            <file>file:/D:/Hotel/Hotel/src/BookRooms.java</file>
            <file>file:/D:/Hotel/Hotel/src/GuestReservation.java</file>
            <file>file:/D:/Hotel/Hotel/src/ArchivedReservations.java</file>
            <file>file:/D:/Hotel/Hotel/src/GuestFeedback.java</file>
            <file>file:/D:/Hotel/Hotel/src/GuestDashboard.java</file>
            <file>file:/D:/Hotel/Hotel/src/ManageGuest.java</file>
            <file>file:/D:/Hotel/Hotel/src/AdminOverview.java</file>
            <file>file:/D:/Hotel/Hotel/src/ArchivedGuests.java</file>
            <file>file:/D:/Hotel/Hotel/src/GuestSettings.java</file>
            <file>file:/D:/Hotel/Hotel/src/CustomerService.java</file>
            <file>file:/D:/Hotel/Hotel/src/AdminSettings.java</file>
        </group>
    </open-files>
</project-private>
